{
  "best_params": {
    "max_depth": 15,
    "n_estimators": 200
  },
  "cv_scores": [
    0.6600999541413349,
    0.6487893948438594,
    0.6548064815804291
  ],
  "cv_mean": 0.6545652768552078,
  "cv_std": 0.004620665370198618,
  "test_accuracy": 0.8393065660648522,
  "test_macro_f1": 0.6542554704079028
}