{
  "best_params": {
    "max_depth": 18,
    "min_samples_leaf": 5,
    "n_estimators": 80
  },
  "cv_scores": [
    0.6432289449258926,
    0.6458932842071211,
    0.6382252107776031
  ],
  "cv_mean": 0.6424491466368724,
  "cv_std": 0.003178668647803075,
  "test_accuracy": 0.8317261516001383,
  "test_macro_f1": 0.6638713750229643
}