{
  "best_params": {
    "max_depth": 15,
    "min_samples_leaf": 3,
    "n_estimators": 100
  },
  "cv_scores": [
    0.8920933752285622,
    0.8941129648455657,
    0.8980019861111409
  ],
  "cv_mean": 0.894736108728423,
  "cv_std": 0.0024520945963928545,
  "test_accuracy": 0.9260948038377506,
  "test_macro_f1": 0.9004855185707095
}